{
  "version": 1,
  "author": "Anonymous maker",
  "editor": "wokwi",
  "parts": [
    { "type": "wokwi-arduino-uno", "id": "uno", "top": 0, "left": 0, "attrs": {} },
    {
      "type": "wokwi-led",
      "id": "led1",
      "top": -99.6,
      "left": 195.8,
      "attrs": { "color": "red" }
    },
    {
      "type": "wokwi-led",
      "id": "led4",
      "top": -22.8,
      "left": -92.2,
      "attrs": { "color": "red" }
    },
    {
      "type": "wokwi-led",
      "id": "led7",
      "top": -61.2,
      "left": -82.6,
      "attrs": { "color": "red" }
    },
    {
      "type": "wokwi-led",
      "id": "led8",
      "top": -99.6,
      "left": -53.8,
      "attrs": { "color": "red" }
    },
    {
      "type": "wokwi-led",
      "id": "led9",
      "top": -109.2,
      "left": -15.4,
      "attrs": { "color": "red" }
    },
    { "type": "wokwi-led", "id": "led10", "top": -109.2, "left": 23, "attrs": { "color": "red" } },
    {
      "type": "wokwi-led",
      "id": "led11",
      "top": -109.2,
      "left": 51.8,
      "attrs": { "color": "red" }
    },
    {
      "type": "wokwi-led",
      "id": "led12",
      "top": -109.2,
      "left": 90.2,
      "attrs": { "color": "red" }
    },
    {
      "type": "wokwi-led",
      "id": "led13",
      "top": -109.2,
      "left": 128.6,
      "attrs": { "color": "red" }
    },
    {
      "type": "wokwi-led",
      "id": "led14",
      "top": -109.2,
      "left": 157.4,
      "attrs": { "color": "red" }
    },
    { "type": "wokwi-led", "id": "led2", "top": -90, "left": 234.2, "attrs": { "color": "red" } },
    {
      "type": "wokwi-led",
      "id": "led3",
      "top": -70.8,
      "left": 272.6,
      "attrs": { "color": "red" }
    }
  ],
  "connections": [
    [ "led1:A", "uno:4", "green", [ "v0" ] ],
    [ "led14:A", "uno:5", "green", [ "v57.6", "h28.8" ] ],
    [ "led13:A", "uno:6", "green", [ "v38.4", "h9.6" ] ],
    [ "led12:A", "uno:7", "green", [ "v48", "h57.6" ] ],
    [ "led11:A", "uno:8", "green", [ "v57.6", "h96" ] ],
    [ "led10:A", "uno:9", "green", [ "v57.6", "h19.2" ] ],
    [ "led9:A", "uno:10", "green", [ "v48", "h9.6" ] ],
    [ "led8:A", "uno:11", "green", [ "v38.4", "h9.6" ] ],
    [ "led7:A", "uno:12", "green", [ "v0", "h153.6" ] ],
    [ "led4:A", "uno:13", "green", [ "v-9.6", "h172.8" ] ],
    [ "uno:GND.1", "led4:C", "black", [ "v0" ] ],
    [ "uno:GND.1", "led7:C", "black", [ "v-57", "h-182.7" ] ],
    [ "uno:GND.1", "led8:C", "black", [ "v0" ] ],
    [ "uno:GND.1", "led9:C", "black", [ "v-57", "h-115.5" ] ],
    [ "uno:GND.1", "led10:C", "black", [ "v-47.4", "h-86.7" ] ],
    [ "uno:GND.1", "led11:C", "black", [ "v-37.8", "h-48.3" ] ],
    [ "uno:GND.1", "led12:C", "black", [ "v0" ] ],
    [ "uno:GND.1", "led13:C", "black", [ "v-57", "h18.9" ] ],
    [ "uno:GND.1", "led14:C", "black", [ "v-57", "h57.3" ] ],
    [ "uno:GND.1", "led1:C", "black", [ "v-57", "h86.1" ] ],
    [ "led2:A", "uno:3", "green", [ "v57.6", "h-28.8" ] ],
    [ "led3:A", "uno:2", "green", [ "v28.8", "h-48" ] ],
    [ "uno:GND.1", "led2:C", "black", [ "v-37.8", "h143.7" ] ],
    [ "uno:GND.1", "led3:C", "black", [ "v-47.4", "h182.1" ] ]
  ],
  "dependencies": {}
}